{"count":1,"self":13.394663999999999,"total":13.4816335,"children":{"AgentResetIfDone":{"count":577,"self":0.0010006,"total":0.0010006,"children":null},"AgentSendState":{"count":577,"self":0.0029996999999999997,"total":0.0029996999999999997,"children":{"CollectObservations":{"count":66,"self":0,"total":0,"children":null}}},"DecideAction":{"count":577,"self":0.0759514,"total":0.0759514,"children":null},"AcademyStep":{"count":577,"self":0.0020182,"total":0.0020182,"children":null},"AgentAct":{"count":577,"self":0.003,"total":0.003,"children":null}}}