{"count":1,"self":264.9609984,"total":281.553337,"children":{"AgentResetIfDone":{"count":13446,"self":0.042883,"total":0.042883,"children":null},"AgentSendState":{"count":13446,"self":0.0640003,"total":0.0759779,"children":{"CollectObservations":{"count":13446,"self":0.0119776,"total":0.0119776,"children":null}}},"DecideAction":{"count":13446,"self":16.1490288,"total":16.1490291,"children":null},"AcademyStep":{"count":13446,"self":0.0070088,"total":0.0070088,"children":null},"AgentAct":{"count":13446,"self":0.31544439999999996,"total":0.31544439999999996,"children":null}}}