{"count":1,"self":0.9799509,"total":48.359488299999995,"children":{"AgentResetIfDone":{"count":251,"self":0.022014699999999998,"total":0.022014699999999998,"children":null},"AgentSendState":{"count":251,"self":0.0020001,"total":0.0050013,"children":{"CollectObservations":{"count":251,"self":0.0030012,"total":0.0030012,"children":null}}},"DecideAction":{"count":251,"self":47.3425152,"total":47.3485212,"children":{"AgentInfo.ToProto":{"count":251,"self":0.0060075,"total":0.0060075,"children":null}}},"AcademyStep":{"count":251,"self":0,"total":0,"children":null},"AgentAct":{"count":251,"self":0.0030001,"total":0.0030001,"children":null}}}