{"count":1,"self":35.430771199999995,"total":35.7027187,"children":{"AgentResetIfDone":{"count":1570,"self":0.0050027,"total":0.0050027,"children":null},"AgentSendState":{"count":1570,"self":0.0060078,"total":0.008007499999999999,"children":{"CollectObservations":{"count":260,"self":0.0019997,"total":0.0019997,"children":null}}},"DecideAction":{"count":1570,"self":0.2389337,"total":0.2389337,"children":null},"AcademyStep":{"count":1570,"self":0,"total":0,"children":null},"AgentAct":{"count":1570,"self":0.0180029,"total":0.0180029,"children":null}}}