{"count":1,"self":88.3199616,"total":88.9362168,"children":{"AgentResetIfDone":{"count":4252,"self":0.0149941,"total":0.0149941,"children":null},"AgentSendState":{"count":4252,"self":0.0109774,"total":0.0129771,"children":{"CollectObservations":{"count":852,"self":0.0019997,"total":0.0019997,"children":null}}},"DecideAction":{"count":4252,"self":0.5532709,"total":0.5532709,"children":null},"AcademyStep":{"count":4252,"self":0.0020008,"total":0.0020008,"children":null},"AgentAct":{"count":4252,"self":0.032009699999999995,"total":0.032009699999999995,"children":null}}}