{"count":1,"self":22.1679232,"total":23.4458758,"children":{"AgentResetIfDone":{"count":1146,"self":0,"total":0,"children":null},"AgentSendState":{"count":1146,"self":0.003987,"total":0.0059714999999999994,"children":{"CollectObservations":{"count":1146,"self":0.0019844999999999997,"total":0.0019844999999999997,"children":null}}},"DecideAction":{"count":1146,"self":1.2669605,"total":1.2669605,"children":null},"AcademyStep":{"count":1146,"self":0.0020103,"total":0.0020103,"children":null},"AgentAct":{"count":1146,"self":0.0020099,"total":0.0020099,"children":null}}}