{"count":1,"self":108.1740928,"total":111.5374295,"children":{"AgentResetIfDone":{"count":4844,"self":0.0079981,"total":0.0079981,"children":null},"AgentSendState":{"count":4844,"self":0.079806,"total":0.135617,"children":{"CollectObservations":{"count":34884,"self":0.055811,"total":0.055811,"children":null}}},"DecideAction":{"count":4844,"self":2.9603012,"total":2.9603010999999997,"children":null},"AcademyStep":{"count":4844,"self":0.0040301999999999994,"total":0.0040301999999999994,"children":null},"AgentAct":{"count":4844,"self":0.25438869999999997,"total":0.25438869999999997,"children":null}}}